linux-base,cold-test,scheduled_job_cron_golden_test,1,423.629,363.962,59.138,129,,0.18,4.09,326,,423.1,93.0,77.5,3915.6
linux-base-bfd,test-one,repository.rs->scheduled_job_cron_golden_test,1,26.353,17.786,8.414,1,.584,4.09,2.87,325,,26.2,26.0,9.6,29.6
linux-base-bfd,test-one,repository.rs->scheduled_job_cron_golden_test,2,23.991,15.671,8.129,1,.607,2.87,2.23,327,,23.8,23.3,10.7,24.1
linux-base-bfd,test-one,repository.rs->scheduled_job_cron_golden_test,3,18.987,11.668,7.232,1,.551,2.23,1.88,327,,18.9,16.8,6.5,18.9
linux-base-lld,test-one,repository.rs->scheduled_job_cron_golden_test,1,17.872,15.861,1.939,1,.546,1.93,1.72,327,,17.8,17.4,8.9,24.1
linux-base-lld,test-one,repository.rs->scheduled_job_cron_golden_test,2,11.078,9.830,1.170,1,.547,1.72,1.64,327,,11.0,10.6,6.3,16.0
linux-base-lld,test-one,repository.rs->scheduled_job_cron_golden_test,3,16.302,13.668,2.532,1,.565,1.64,1.50,327,,16.2,15.8,7.7,21.5
linux-base-mold,test-one,repository.rs->scheduled_job_cron_golden_test,1,18.992,18.117,0.783,1,.555,1.42,1.30,328,,18.9,18.3,11.4,19.9
linux-base-mold,test-one,repository.rs->scheduled_job_cron_golden_test,2,9.737,9.097,0.603,1,.543,1.30,1.25,327,,9.7,9.3,6.1,9.3
linux-base-mold,test-one,repository.rs->scheduled_job_cron_golden_test,3,10.274,9.459,0.741,1,.600,1.25,1.21,327,,10.2,9.9,6.0,9.7
linux-lto,cold-test,scheduled_job_cron_golden_test,1,652.744,554.449,97.551,129,,3.28,2.21,319,,652.0,174.5,131.2,5845.7
linux-lto-bfd,test-one,repository.rs->scheduled_job_cron_golden_test,1,55.998,38.963,16.537,1,.902,2.12,2.19,317,,55.5,55.2,21.6,63.2
linux-lto-bfd,test-one,repository.rs->scheduled_job_cron_golden_test,2,50.978,31.784,18.716,1,.678,2.19,1.78,316,,50.5,48.2,21.2,51.2
linux-lto-bfd,test-one,repository.rs->scheduled_job_cron_golden_test,3,36.787,28.337,8.263,1,.627,1.78,1.47,316,,36.6,34.5,17.6,37.5
linux-lto-lld,test-one,repository.rs->scheduled_job_cron_golden_test,1,47.953,42.727,4.673,1,.740,1.38,1.50,316,,47.4,46.1,25.8,61.4
linux-lto-lld,test-one,repository.rs->scheduled_job_cron_golden_test,2,31.563,26.702,4.498,1,.627,1.50,1.30,316,,31.2,29.3,16.2,38.1
linux-lto-lld,test-one,repository.rs->scheduled_job_cron_golden_test,3,26.513,24.251,1.949,1,.660,1.30,1.26,316,,26.2,25.5,15.2,32.5
linux-lto-mold,test-one,repository.rs->scheduled_job_cron_golden_test,1,30.836,29.713,0.987,1,.560,1.39,1.30,311,,30.7,26.8,19.8,30.4
linux-lto-mold,test-one,repository.rs->scheduled_job_cron_golden_test,2,13.772,12.237,1.363,1,.579,1.30,2.28,311,,13.6,13.2,7.2,12.5
linux-lto-mold,test-one,repository.rs->scheduled_job_cron_golden_test,3,18.608,16.330,2.070,1,.679,2.28,1.91,312,,18.4,18.0,9.2,17.0
linux-split,cold-test,scheduled_job_cron_golden_test,1,547.782,460.836,86.164,129,,5.76,3.15,304,,547.0,113.8,90.3,5147.4
linux-split-bfd,test-one,repository.rs->scheduled_job_cron_golden_test,1,31.285,22.212,8.888,1,.581,3.15,2.37,299,,31.1,30.8,13.2,34.7
linux-split-bfd,test-one,repository.rs->scheduled_job_cron_golden_test,2,23.233,18.810,4.290,1,.551,2.37,2.42,298,,23.1,22.6,10.3,24.2
linux-split-bfd,test-one,repository.rs->scheduled_job_cron_golden_test,3,17.807,11.686,6.014,1,.667,2.42,3.18,298,,17.7,17.3,7.6,17.9
linux-split-lld,test-one,repository.rs->scheduled_job_cron_golden_test,1,17.444,16.326,0.974,1,.569,4.58,4.56,299,,17.3,16.6,10.3,20.0
linux-split-lld,test-one,repository.rs->scheduled_job_cron_golden_test,2,14.489,13.417,0.983,1,.548,4.56,3.77,299,,14.4,13.8,8.3,15.9
linux-split-lld,test-one,repository.rs->scheduled_job_cron_golden_test,3,17.454,15.251,2.049,1,.746,3.77,3.06,299,,17.3,16.8,7.8,20.2
linux-split-mold,test-one,repository.rs->scheduled_job_cron_golden_test,1,20.077,19.189,0.711,1,.687,2.44,2.02,313,,19.9,19.6,11.4,22.8
linux-split-mold,test-one,repository.rs->scheduled_job_cron_golden_test,2,11.979,11.417,0.383,1,.550,2.02,1.93,313,,11.8,11.0,8.1,11.8
linux-split-mold,test-one,repository.rs->scheduled_job_cron_golden_test,3,16.115,14.654,1.246,1,.742,1.93,1.97,313,,15.9,15.4,9.7,15.0
