label,scenario,subject,run,wall_s,compile_s,link_s,links,run_s,load1_before,load1_after,free_gb,notes,cargo_s,platform_s,platform_frontend_s,cpu_s
baseline-b,cold-check,fc-server,1,236.681,216.273,20.227,131,,309.36,626.26,331,,236.5,96.9,95.0,1120.2
baseline-b,cold-test,scheduled_job_cron_golden_test,1,687.640,666.525,20.875,131,,623.76,239.67,306,,687.4,110.1,81.2,2116.3
baseline-b,incr-check,repository.rs->fc-server,1,8.262,8.2,0.000,0,,229.59,196.50,297,,8.2,6.7,6.3,6.4
baseline-b,incr-check,repository.rs->fc-server,2,7.150,7.1,0.000,0,,196.50,183.49,297,,7.1,6.0,4.5,5.8
baseline-b,incr-check,repository.rs->fc-server,3,6.860,6.8,0.000,0,,183.49,156.88,297,,6.8,5.7,4.3,5.8
baseline-b,incr-check,repository.rs->fc-server,4,6.860,6.8,0.000,0,,156.88,147.76,298,,6.8,5.7,4.4,5.8
baseline-b,incr-check,repository.rs->fc-server,5,6.480,6.4,0.000,0,,147.76,140.89,298,,6.4,5.3,4.0,5.5
baseline-b,incr-check,unit_of_work.rs->fc-server,1,11.960,11.9,0.000,0,,124.78,119.13,298,,11.9,10.6,10.2,10.6
baseline-b,incr-check,unit_of_work.rs->fc-server,2,6.634,6.6,0.000,0,,119.13,113.13,298,,6.6,5.5,4.2,5.4
baseline-b,incr-check,unit_of_work.rs->fc-server,3,6.237,6.2,0.000,0,,113.13,108.56,298,,6.2,5.1,3.9,5.4
baseline-b,incr-check,unit_of_work.rs->fc-server,4,6.312,6.2,0.000,0,,108.56,106.27,298,,6.2,5.2,3.9,5.4
baseline-b,incr-check,unit_of_work.rs->fc-server,5,6.129,6.1,0.000,0,,106.27,101.52,298,,6.1,5.0,3.8,5.3
baseline-b,incr-check,health.rs->fc-server,1,3.016,2.9,0.000,0,,90.21,90.21,298,,2.9,0.0,0.0,1.9
baseline-b,incr-check,health.rs->fc-server,2,3.103,2.9,0.000,0,,106.13,106.13,298,,2.9,0.0,0.0,1.7
baseline-b,incr-check,health.rs->fc-server,3,2.769,2.7,0.000,0,,106.13,125.42,298,,2.7,0.0,0.0,1.7
baseline-b,incr-check,health.rs->fc-server,4,3.091,3.0,0.000,0,,125.42,125.42,298,,3.0,0.0,0.0,1.7
baseline-b,incr-check,health.rs->fc-server,5,3.332,3.1,0.000,0,,125.42,161.02,298,,3.1,0.0,0.0,1.7
baseline-b,test-one,repository.rs->scheduled_job_cron_golden_test,1,32.865,32.361,0.439,1,1.360,194.57,211.22,296,,32.8,31.7,19.3,17.6
baseline-b,test-one,repository.rs->scheduled_job_cron_golden_test,2,20.185,19.545,0.555,1,1.108,211.22,251.07,295,,20.1,18.9,13.5,11.0
baseline-b,test-one,repository.rs->scheduled_job_cron_golden_test,3,15.763,15.238,0.462,1,.804,251.07,229.43,295,,15.7,14.7,9.8,10.3
baseline-b,test-one,repository.rs->scheduled_job_cron_golden_test,4,12.644,12.293,0.307,1,.680,229.43,208.08,294,,12.6,11.6,7.6,9.3
baseline-b,test-one,repository.rs->scheduled_job_cron_golden_test,5,12.848,12.314,0.486,1,.677,208.08,182.03,294,,12.8,11.9,7.6,9.5
baseline-b,test-all,repository.rs->fc-platform-tests,1,34.602,-48.980,83.380,67,,260.11,173.71,273,links run in parallel: link_s is the sum; compile_s = cargo_s - link_s is only a bound,34.4,270.0,9.5,165.2
baseline-b,test-all,repository.rs->fc-platform-tests,2,36.483,-61.424,97.724,67,,173.71,124.62,273,links run in parallel: link_s is the sum; compile_s = cargo_s - link_s is only a bound,36.3,329.9,7.9,153.3
step1,cold-check,fc-server,1,179.435,159.729,19.571,131,,34.98,263.94,288,,179.3,41.8,41.1,1117.5
step1,cold-test,it:scheduled_job_cron_golden_test::,1,260.736,240.481,20.219,131,,263.94,223.28,284,,260.7,67.3,49.5,1923.0
step1,incr-check,repository.rs->fc-server,1,7.584,7.5,0.000,0,,322.19,273.49,281,,7.5,6.2,5.8,5.8
step1,incr-check,repository.rs->fc-server,2,5.991,5.9,0.000,0,,273.49,252.15,281,,5.9,5.0,3.8,5.1
step1,incr-check,repository.rs->fc-server,3,5.287,5.2,0.000,0,,252.15,232.36,281,,5.2,4.6,3.5,4.9
step1,incr-check,repository.rs->fc-server,4,5.663,5.6,0.000,0,,232.36,213.99,281,,5.6,4.6,3.7,5.1
step1,incr-check,repository.rs->fc-server,5,5.509,5.4,0.000,0,,213.99,204.14,281,,5.4,4.6,3.8,5.1
step1,incr-check,unit_of_work.rs->fc-server,1,10.610,10.6,0.000,0,,174.82,148.48,281,,10.6,9.5,9.1,9.6
step1,incr-check,unit_of_work.rs->fc-server,2,5.582,5.5,0.000,0,,148.48,136.75,281,,5.5,4.6,3.8,4.8
step1,incr-check,unit_of_work.rs->fc-server,3,4.846,4.8,0.000,0,,136.75,126.20,281,,4.8,4.3,3.5,4.8
step1,incr-check,unit_of_work.rs->fc-server,4,5.055,5.0,0.000,0,,126.20,116.65,281,,5.0,4.5,3.6,4.9
step1,incr-check,unit_of_work.rs->fc-server,5,5.246,5.2,0.000,0,,116.65,107.71,281,,5.2,4.7,3.8,5.1
step1,incr-check,health.rs->fc-server,1,1.620,1.6,0.000,0,,93.68,93.68,281,,1.6,0.0,0.0,1.4
step1,incr-check,health.rs->fc-server,2,1.381,1.3,0.000,0,,93.68,93.68,281,,1.3,0.0,0.0,1.4
step1,incr-check,health.rs->fc-server,3,1.310,1.3,0.000,0,,93.68,86.90,281,,1.3,0.0,0.0,1.3
step1,incr-check,health.rs->fc-server,4,1.300,1.2,0.000,0,,86.90,86.90,281,,1.2,0.0,0.0,1.3
step1,incr-check,health.rs->fc-server,5,1.391,1.3,0.000,0,,86.90,86.90,281,,1.3,0.0,0.0,1.3
step1,test-one,repository.rs->it:scheduled_job_cron_golden_test::,1,16.778,16.057,0.643,1,1.599,74.93,55.42,280,,16.7,16.0,8.0,17.8
step1,test-one,repository.rs->it:scheduled_job_cron_golden_test::,2,11.607,11.105,0.495,1,1.586,55.42,47.82,280,,11.6,10.9,5.9,10.9
step1,test-one,repository.rs->it:scheduled_job_cron_golden_test::,3,11.639,11.110,0.490,1,1.593,47.82,39.41,280,,11.6,10.9,5.8,11.1
step1,test-one,repository.rs->it:scheduled_job_cron_golden_test::,4,12.342,11.652,0.648,1,1.591,39.41,32.01,280,,12.3,11.8,6.7,11.3
step1,test-one,repository.rs->it:scheduled_job_cron_golden_test::,5,11.924,11.345,0.455,1,1.591,32.01,26.47,280,,11.8,11.1,6.4,10.9
step1,test-all,repository.rs->fc-platform-tests,1,20.660,18.104,2.496,4,,21.96,18.34,276,links run in parallel: link_s is the sum; compile_s = cargo_s - link_s is only a bound,20.6,35.5,11.0,37.3
step1,test-all,repository.rs->fc-platform-tests,2,14.015,11.875,2.025,4,,18.34,16.82,276,links run in parallel: link_s is the sum; compile_s = cargo_s - link_s is only a bound,13.9,25.2,7.9,25.2
split,cold-check,fc-server,1,157.021,138.690,18.110,131,,11.22,460.40,267,,156.8,3.8,3.8,1126.4
split,cold-test,it:scheduled_job_cron_golden_test::,1,290.044,265.794,24.106,131,,460.40,341.45,263,,289.9,34.1,14.2,1926.0
split,incr-check,repository.rs->fc-server,1,7.998,7.9,0.000,0,,346.85,320.44,261,,7.9,1.6,1.5,5.9
split,incr-check,repository.rs->fc-server,2,6.588,6.5,0.000,0,,320.44,274.98,261,,6.5,0.9,0.8,4.4
split,incr-check,repository.rs->fc-server,3,5.683,5.6,0.000,0,,274.98,254.16,261,,5.6,0.8,0.7,4.4
split,incr-check,repository.rs->fc-server,4,5.060,5.0,0.000,0,,254.16,234.13,262,,5.0,0.9,0.5,4.0
split,incr-check,repository.rs->fc-server,5,3.974,3.9,0.000,0,,234.13,215.86,261,,3.9,0.7,0.5,4.1
split,incr-check,unit_of_work.rs->fc-server,1,11.809,11.7,0.000,0,,198.81,170.46,261,,11.7,1.6,1.5,13.2
split,incr-check,unit_of_work.rs->fc-server,2,6.179,6.1,0.000,0,,170.46,146.53,261,,6.1,0.8,0.7,6.1
split,incr-check,unit_of_work.rs->fc-server,3,4.856,4.8,0.000,0,,146.53,135.60,261,,4.8,0.9,0.7,6.3
split,incr-check,unit_of_work.rs->fc-server,4,4.659,4.6,0.000,0,,135.60,125.54,261,,4.6,0.7,0.5,5.9
split,incr-check,unit_of_work.rs->fc-server,5,5.105,5.0,0.000,0,,125.54,117.17,262,,5.0,0.7,0.6,6.0
split,incr-check,repository.rs->fc-server,1,2.397,2.3,0.000,0,,108.67,100.44,262,,2.3,0.8,0.8,2.0
split,incr-check,repository.rs->fc-server,2,1.576,1.5,0.000,0,,100.44,100.44,262,,1.5,0.6,0.5,1.5
split,incr-check,repository.rs->fc-server,3,1.562,1.5,0.000,0,,100.44,100.44,262,,1.5,0.6,0.5,1.5
split,incr-check,repository.rs->fc-server,4,1.572,1.5,0.000,0,,100.44,99.05,262,,1.5,0.6,0.5,1.5
split,incr-check,repository.rs->fc-server,5,1.574,1.5,0.000,0,,99.05,99.05,262,,1.5,0.6,0.5,1.4
split,incr-check,session_cookie.rs->fc-server,1,2.281,2.2,0.000,0,,91.68,91.68,262,,2.2,0.7,0.6,2.0
split,incr-check,session_cookie.rs->fc-server,2,1.816,1.8,0.000,0,,91.68,91.68,262,,1.8,0.6,0.5,1.7
split,incr-check,session_cookie.rs->fc-server,3,1.785,1.7,0.000,0,,91.68,84.57,262,,1.7,0.6,0.5,1.7
split,incr-check,session_cookie.rs->fc-server,4,1.785,1.7,0.000,0,,84.57,84.57,262,,1.7,0.6,0.5,1.7
split,incr-check,session_cookie.rs->fc-server,5,1.784,1.7,0.000,0,,84.57,78.04,262,,1.7,0.6,0.5,1.7
split,incr-check,repository.rs->fc-server,1,3.575,3.5,0.000,0,,78.04,72.19,262,,3.5,0.9,0.9,3.2
split,incr-check,repository.rs->fc-server,2,2.327,2.3,0.000,0,,72.19,72.19,262,,2.3,0.6,0.5,2.3
split,incr-check,repository.rs->fc-server,3,2.340,2.3,0.000,0,,72.19,66.73,262,,2.3,0.6,0.5,2.3
split,incr-check,repository.rs->fc-server,4,2.313,2.3,0.000,0,,66.73,66.73,262,,2.3,0.6,0.5,2.3
split,incr-check,repository.rs->fc-server,5,2.327,2.3,0.000,0,,66.73,62.03,262,,2.3,0.6,0.5,2.3
split,incr-check,repository.rs->fc-server,1,2.487,2.4,0.000,0,,62.03,57.38,262,,2.4,0.8,0.7,2.4
split,incr-check,repository.rs->fc-server,2,1.799,1.7,0.000,0,,57.38,57.38,262,,1.7,0.6,0.5,1.8
split,incr-check,repository.rs->fc-server,3,1.821,1.8,0.000,0,,57.38,53.27,262,,1.8,0.6,0.5,1.7
split,incr-check,repository.rs->fc-server,4,2.997,2.9,0.000,0,,53.27,53.27,262,,2.9,1.1,0.9,2.4
split,incr-check,repository.rs->fc-server,5,3.087,2.9,0.000,0,,53.27,55.65,262,,2.9,1.0,0.8,2.3
split,incr-check,router.rs->fc-server,1,1.584,1.5,0.000,0,,53.59,53.59,261,,1.5,0.7,0.7,1.5
split,incr-check,router.rs->fc-server,2,1.158,1.1,0.000,0,,53.59,53.59,261,,1.1,0.6,0.5,1.1
split,incr-check,router.rs->fc-server,3,1.150,1.1,0.000,0,,53.59,50.02,261,,1.1,0.6,0.5,1.1
split,incr-check,router.rs->fc-server,4,1.148,1.1,0.000,0,,50.02,50.02,261,,1.1,0.6,0.5,1.1
split,incr-check,router.rs->fc-server,5,1.144,1.1,0.000,0,,50.02,50.02,261,,1.1,0.6,0.5,1.1
split,incr-check,health.rs->fc-server,1,1.759,1.7,0.000,0,,50.02,46.74,261,,1.7,0.0,0.0,1.5
split,incr-check,health.rs->fc-server,2,1.709,1.7,0.000,0,,46.74,46.74,261,,1.7,0.0,0.0,1.6
split,incr-check,health.rs->fc-server,3,1.347,1.3,0.000,0,,46.74,46.74,261,,1.3,0.0,0.0,1.3
split,incr-check,health.rs->fc-server,4,1.359,1.3,0.000,0,,46.74,43.39,261,,1.3,0.0,0.0,1.3
split,incr-check,health.rs->fc-server,5,1.364,1.3,0.000,0,,43.39,43.39,261,,1.3,0.0,0.0,1.3
split,test-one,repository.rs->it:scheduled_job_cron_golden_test::,1,13.712,12.966,0.634,1,1.650,37.48,39.46,259,,13.6,8.6,2.4,17.8
split,test-one,repository.rs->it:scheduled_job_cron_golden_test::,2,7.820,7.200,0.500,1,1.662,39.46,35.34,259,,7.7,3.9,1.5,10.8
split,test-one,repository.rs->it:scheduled_job_cron_golden_test::,3,8.130,7.542,0.558,1,1.655,35.34,30.97,259,,8.1,4.2,1.6,11.1
split,test-one,repository.rs->it:scheduled_job_cron_golden_test::,4,8.226,7.440,0.760,1,1.666,30.97,33.21,259,,8.2,4.4,1.5,11.2
split,test-one,repository.rs->it:scheduled_job_cron_golden_test::,5,8.872,8.118,0.682,1,1.662,33.21,30.19,259,,8.8,4.8,1.6,11.3
split,test-all,repository.rs->fc-platform-tests,1,14.990,12.839,2.061,4,,27.06,34.57,258,links run in parallel: link_s is the sum; compile_s = cargo_s - link_s is only a bound,14.9,19.7,3.5,28.2
split,test-all,repository.rs->fc-platform-tests,2,9.291,6.945,2.255,4,,34.57,31.60,258,links run in parallel: link_s is the sum; compile_s = cargo_s - link_s is only a bound,9.2,10.6,1.8,19.5
prepilot,cold-check,fc-server,1,144.936,126.019,18.881,131,,19.33,326.85,269,,144.9,2.7,2.6,1153.0
prepilot,cold-test,it:scheduled_job_cron_golden_test::,1,246.689,231.347,15.253,131,,326.85,372.17,262,,246.6,27.8,12.2,1973.9
prepilot,incr-check,repository.rs->fc-server,1,5.716,5.6,0.000,0,,237.24,219.20,259,,5.6,1.1,1.0,5.0
prepilot,incr-check,repository.rs->fc-server,2,4.016,4.0,0.000,0,,219.20,208.14,258,,4.0,0.7,0.5,4.1
prepilot,incr-check,repository.rs->fc-server,3,3.728,3.7,0.000,0,,208.14,194.75,258,,3.7,0.7,0.6,3.9
prepilot,incr-check,repository.rs->fc-server,4,4.031,4.0,0.000,0,,194.75,194.75,258,,4.0,0.7,0.6,4.1
prepilot,incr-check,repository.rs->fc-server,5,3.610,3.5,0.000,0,,194.75,180.60,258,,3.5,0.6,0.5,3.8
prepilot,incr-check,unit_of_work.rs->fc-server,1,9.207,9.1,0.000,0,,166.70,150.19,257,,9.1,1.1,1.1,11.8
prepilot,incr-check,unit_of_work.rs->fc-server,2,4.377,4.3,0.000,0,,150.19,140.00,257,,4.3,0.8,0.6,5.5
prepilot,incr-check,unit_of_work.rs->fc-server,3,3.763,3.7,0.000,0,,140.00,136.16,257,,3.7,0.6,0.5,5.2
prepilot,incr-check,unit_of_work.rs->fc-server,4,3.728,3.7,0.000,0,,136.16,136.16,257,,3.7,0.6,0.5,5.2
prepilot,incr-check,unit_of_work.rs->fc-server,5,3.961,3.9,0.000,0,,136.16,125.81,257,,3.9,0.8,0.7,5.5
prepilot,incr-check,repository.rs->fc-server,1,1.945,1.9,0.000,0,,108.42,108.42,257,,1.9,0.8,0.7,1.9
prepilot,incr-check,repository.rs->fc-server,2,1.511,1.5,0.000,0,,108.42,100.14,257,,1.5,0.6,0.5,1.5
prepilot,incr-check,repository.rs->fc-server,3,1.523,1.5,0.000,0,,100.14,100.14,257,,1.5,0.6,0.5,1.5
prepilot,incr-check,repository.rs->fc-server,4,1.581,1.5,0.000,0,,100.14,100.14,257,,1.5,0.6,0.5,1.5
prepilot,incr-check,repository.rs->fc-server,5,1.597,1.6,0.000,0,,100.14,93.24,257,,1.6,0.6,0.5,1.6
prepilot,incr-check,session_cookie.rs->fc-server,1,2.060,2.0,0.000,0,,93.24,93.24,257,,2.0,0.7,0.6,2.0
prepilot,incr-check,session_cookie.rs->fc-server,2,1.869,1.8,0.000,0,,93.24,89.22,257,,1.8,0.6,0.5,1.8
prepilot,incr-check,session_cookie.rs->fc-server,3,1.810,1.8,0.000,0,,89.22,89.22,257,,1.8,0.6,0.5,1.7
prepilot,incr-check,session_cookie.rs->fc-server,4,1.796,1.8,0.000,0,,89.22,89.22,257,,1.8,0.6,0.5,1.7
prepilot,incr-check,session_cookie.rs->fc-server,5,1.776,1.7,0.000,0,,89.22,82.40,257,,1.7,0.6,0.5,1.7
prepilot,incr-check,repository.rs->fc-server,1,3.488,3.4,0.000,0,,82.40,76.36,257,,3.4,0.9,0.8,3.1
prepilot,incr-check,repository.rs->fc-server,2,2.307,2.2,0.000,0,,76.36,76.36,257,,2.2,0.6,0.5,2.2
prepilot,incr-check,repository.rs->fc-server,3,2.347,2.3,0.000,0,,76.36,83.70,257,,2.3,0.6,0.5,2.3
prepilot,incr-check,repository.rs->fc-server,4,2.274,2.2,0.000,0,,83.70,83.70,257,,2.2,0.6,0.5,2.2
prepilot,incr-check,repository.rs->fc-server,5,2.327,2.3,0.000,0,,83.70,77.55,257,,2.3,0.6,0.5,2.3
prepilot,incr-check,repository.rs->fc-server,1,2.565,2.5,0.000,0,,71.90,71.90,257,,2.5,0.8,0.7,2.5
prepilot,incr-check,repository.rs->fc-server,2,1.751,1.7,0.000,0,,71.90,71.90,257,,1.7,0.6,0.5,1.7
prepilot,incr-check,repository.rs->fc-server,3,1.743,1.7,0.000,0,,71.90,66.55,257,,1.7,0.6,0.5,1.7
prepilot,incr-check,repository.rs->fc-server,4,1.719,1.7,0.000,0,,66.55,66.55,257,,1.7,0.6,0.5,1.7
prepilot,incr-check,repository.rs->fc-server,5,1.753,1.7,0.000,0,,66.55,61.54,257,,1.7,0.6,0.5,1.7
prepilot,incr-check,router.rs->fc-server,1,1.456,1.4,0.000,0,,61.54,61.54,257,,1.4,0.7,0.7,1.4
prepilot,incr-check,router.rs->fc-server,2,1.188,1.1,0.000,0,,61.54,57.17,257,,1.1,0.6,0.5,1.1
prepilot,incr-check,router.rs->fc-server,3,1.118,1.1,0.000,0,,57.17,57.17,257,,1.1,0.6,0.5,1.1
prepilot,incr-check,router.rs->fc-server,4,1.089,1.0,0.000,0,,57.17,57.17,257,,1.0,0.6,0.5,1.1
prepilot,incr-check,router.rs->fc-server,5,1.092,1.0,0.000,0,,57.17,57.17,257,,1.0,0.6,0.5,1.1
prepilot,incr-check,health.rs->fc-server,1,1.673,1.6,0.000,0,,53.95,53.95,257,,1.6,0.0,0.0,1.5
prepilot,incr-check,health.rs->fc-server,2,1.345,1.3,0.000,0,,53.95,53.95,257,,1.3,0.0,0.0,1.3
prepilot,incr-check,health.rs->fc-server,3,1.346,1.3,0.000,0,,53.95,50.03,257,,1.3,0.0,0.0,1.3
prepilot,incr-check,health.rs->fc-server,4,1.282,1.2,0.000,0,,50.03,50.03,257,,1.2,0.0,0.0,1.2
prepilot,incr-check,health.rs->fc-server,5,1.301,1.2,0.000,0,,50.03,50.03,257,,1.2,0.0,0.0,1.3
prepilot,test-one,repository.rs->it:scheduled_job_cron_golden_test::,1,13.455,12.821,0.579,1,1.656,47.37,51.10,256,,13.4,8.2,2.6,18.3
prepilot,test-all,repository.rs->fc-platform-tests,1,14.033,11.912,1.988,4,,39.12,32.23,254,links run in parallel: link_s is the sum; compile_s = cargo_s - link_s is only a bound,13.9,14.1,2.5,27.3
prepilot,test-all,repository.rs->fc-platform-tests,2,9.763,7.018,2.682,4,,32.23,28.76,254,links run in parallel: link_s is the sum; compile_s = cargo_s - link_s is only a bound,9.7,11.5,1.7,18.8
pilot,cold-check,fc-server,1,136.053,119.105,16.895,131,,18.19,418.94,261,,136.0,2.9,2.8,1087.9
pilot,cold-test,it:scheduled_job_cron_golden_test::,1,248.561,229.919,18.581,131,,418.94,325.59,256,,248.5,24.6,10.7,1940.3
pilot,incr-check,repository.rs->fc-server,1,5.173,5.1,0.000,0,,302.35,279.74,254,,5.1,1.1,1.0,4.9
pilot,incr-check,repository.rs->fc-server,2,3.606,3.5,0.000,0,,279.74,260.79,254,,3.5,0.6,0.5,3.8
pilot,incr-check,repository.rs->fc-server,3,4.215,4.2,0.000,0,,260.79,241.10,254,,4.2,0.7,0.7,3.9
pilot,incr-check,repository.rs->fc-server,4,3.614,3.6,0.000,0,,241.10,222.20,254,,3.6,0.6,0.6,3.7
pilot,incr-check,repository.rs->fc-server,5,4.065,4.0,0.000,0,,222.20,222.20,254,,4.0,0.6,0.5,3.7
pilot,incr-check,unit_of_work.rs->fc-server,1,7.649,7.6,0.000,0,,204.96,175.70,254,,7.6,1.1,1.0,10.9
pilot,incr-check,unit_of_work.rs->fc-server,2,3.490,3.4,0.000,0,,175.70,162.03,254,,3.4,0.6,0.5,4.9
pilot,incr-check,unit_of_work.rs->fc-server,3,3.486,3.4,0.000,0,,162.03,162.03,254,,3.4,0.6,0.5,4.9
prepilot2,incr-check,repository.rs->fc-server,1,5.031,5.0,0.000,0,,26.29,24.67,248,,5.0,1.1,1.0,4.9
prepilot2,incr-check,repository.rs->fc-server,2,3.258,3.2,0.000,0,,24.67,24.67,248,,3.2,0.6,0.5,3.6
prepilot2,incr-check,repository.rs->fc-server,3,3.222,3.2,0.000,0,,24.67,24.21,248,,3.2,0.6,0.5,3.5
prepilot2,incr-check,repository.rs->fc-server,4,3.323,3.3,0.000,0,,24.21,22.83,248,,3.3,0.6,0.5,3.7
prepilot2,incr-check,repository.rs->fc-server,5,3.294,3.2,0.000,0,,22.83,22.83,248,,3.2,0.6,0.5,3.6
prepilot2,incr-check,unit_of_work.rs->fc-server,1,7.956,7.9,0.000,0,,21.32,18.66,248,,7.9,1.1,1.1,11.2
prepilot2,incr-check,unit_of_work.rs->fc-server,2,3.565,3.5,0.000,0,,18.66,17.65,248,,3.5,0.6,0.5,5.0
prepilot2,incr-check,unit_of_work.rs->fc-server,3,3.525,3.5,0.000,0,,17.65,17.65,248,,3.5,0.6,0.5,5.0
prepilot2,incr-check,unit_of_work.rs->fc-server,4,3.550,3.5,0.000,0,,17.65,16.63,248,,3.5,0.6,0.5,5.0
prepilot2,incr-check,unit_of_work.rs->fc-server,5,3.661,3.6,0.000,0,,16.63,16.10,248,,3.6,0.6,0.5,5.2
prepilot2,incr-check,repository.rs->fc-server,1,1.906,1.9,0.000,0,,15.21,14.80,248,,1.9,0.8,0.7,1.8
prepilot2,incr-check,repository.rs->fc-server,2,1.496,1.4,0.000,0,,14.80,14.80,248,,1.4,0.6,0.5,1.5
prepilot2,incr-check,repository.rs->fc-server,3,1.514,1.5,0.000,0,,14.80,14.80,248,,1.5,0.6,0.5,1.4
prepilot2,incr-check,repository.rs->fc-server,4,1.594,1.5,0.000,0,,14.80,13.85,248,,1.5,0.6,0.5,1.6
prepilot2,incr-check,repository.rs->fc-server,5,1.480,1.4,0.000,0,,13.85,13.85,248,,1.4,0.6,0.5,1.5
prepilot2,incr-check,session_cookie.rs->fc-server,1,2.021,2.0,0.000,0,,13.85,13.22,248,,2.0,0.7,0.6,2.0
prepilot2,incr-check,session_cookie.rs->fc-server,2,1.743,1.7,0.000,0,,13.22,13.22,248,,1.7,0.6,0.5,1.7
prepilot2,incr-check,session_cookie.rs->fc-server,3,1.737,1.7,0.000,0,,13.22,12.64,248,,1.7,0.6,0.5,1.7
prepilot2,incr-check,session_cookie.rs->fc-server,4,1.778,1.7,0.000,0,,12.64,12.64,248,,1.7,0.6,0.5,1.7
prepilot2,incr-check,session_cookie.rs->fc-server,5,1.776,1.7,0.000,0,,12.64,12.64,248,,1.7,0.6,0.5,1.8
prepilot2,incr-check,repository.rs->fc-server,1,3.170,3.1,0.000,0,,12.59,12.59,248,,3.1,0.9,0.8,3.1
prepilot2,incr-check,repository.rs->fc-server,2,2.351,2.3,0.000,0,,12.59,12.06,248,,2.3,0.6,0.5,2.3
prepilot2,incr-check,repository.rs->fc-server,3,2.335,2.3,0.000,0,,12.06,12.06,248,,2.3,0.6,0.5,2.3
prepilot2,incr-check,repository.rs->fc-server,4,2.349,2.3,0.000,0,,12.06,11.34,248,,2.3,0.6,0.5,2.3
prepilot2,incr-check,repository.rs->fc-server,5,2.326,2.3,0.000,0,,11.34,11.34,248,,2.3,0.6,0.5,2.3
prepilot2,incr-check,repository.rs->fc-server,1,2.505,2.5,0.000,0,,10.75,10.21,248,,2.5,0.8,0.7,2.4
prepilot2,incr-check,repository.rs->fc-server,2,1.804,1.8,0.000,0,,10.21,10.21,248,,1.8,0.6,0.5,1.8
prepilot2,incr-check,repository.rs->fc-server,3,1.757,1.7,0.000,0,,10.21,10.21,248,,1.7,0.6,0.5,1.7
prepilot2,incr-check,repository.rs->fc-server,4,1.750,1.7,0.000,0,,10.21,10.27,248,,1.7,0.6,0.5,1.7
prepilot2,incr-check,repository.rs->fc-server,5,1.796,1.8,0.000,0,,10.27,10.27,248,,1.8,0.6,0.5,1.8
prepilot2,incr-check,router.rs->fc-server,1,1.446,1.4,0.000,0,,10.27,10.33,248,,1.4,0.7,0.7,1.4
prepilot2,incr-check,router.rs->fc-server,2,1.154,1.1,0.000,0,,10.33,10.33,248,,1.1,0.6,0.5,1.1
prepilot2,incr-check,router.rs->fc-server,3,1.149,1.1,0.000,0,,10.33,10.33,248,,1.1,0.6,0.5,1.1
prepilot2,incr-check,router.rs->fc-server,4,1.128,1.1,0.000,0,,10.33,10.14,248,,1.1,0.6,0.5,1.1
prepilot2,incr-check,router.rs->fc-server,5,1.128,1.1,0.000,0,,10.14,10.14,248,,1.1,0.6,0.5,1.1
prepilot2,test-one,repository.rs->it:scheduled_job_cron_golden_test::,1,19.002,18.102,0.798,1,1.688,14.98,12.44,275,,18.9,12.6,4.3,19.0
prepilot2,test-one,repository.rs->it:scheduled_job_cron_golden_test::,2,8.986,8.284,0.616,1,1.663,12.44,11.31,275,,8.9,4.6,1.5,11.7
prepilot2,test-one,repository.rs->it:scheduled_job_cron_golden_test::,3,7.358,6.853,0.447,1,1.662,11.31,17.35,275,,7.3,3.7,1.4,11.0
prepilot2,test-one,repository.rs->it:scheduled_job_cron_golden_test::,4,7.314,6.750,0.550,1,1.694,17.35,16.68,275,,7.3,4.0,1.4,11.3
prepilot2,test-one,repository.rs->it:scheduled_job_cron_golden_test::,5,8.155,7.431,0.669,1,1.721,16.68,15.46,275,,8.1,4.4,1.1,11.1
prepilot2,test-all,repository.rs->fc-platform-tests,1,16.232,13.658,2.442,4,,16.56,24.09,275,links run in parallel: link_s is the sum; compile_s = cargo_s - link_s is only a bound,16.1,17.1,2.7,28.5
prepilot2,test-all,repository.rs->fc-platform-tests,2,11.816,8.813,2.887,4,,24.09,21.53,275,links run in parallel: link_s is the sum; compile_s = cargo_s - link_s is only a bound,11.7,13.6,1.9,21.2
pilot2,incr-check,repository.rs->fc-server,1,5.377,5.3,0.000,0,,17.23,16.09,275,,5.3,1.0,1.0,5.1
pilot2,incr-check,repository.rs->fc-server,2,3.408,3.4,0.000,0,,16.09,15.52,275,,3.4,0.6,0.5,3.7
pilot2,incr-check,repository.rs->fc-server,3,3.349,3.3,0.000,0,,15.52,15.52,275,,3.3,0.6,0.5,3.7
pilot2,incr-check,repository.rs->fc-server,4,3.386,3.3,0.000,0,,15.52,14.68,275,,3.3,0.6,0.5,3.6
pilot2,incr-check,repository.rs->fc-server,5,3.249,3.2,0.000,0,,14.68,13.82,275,,3.2,0.6,0.5,3.6
pilot2,incr-check,unit_of_work.rs->fc-server,1,7.632,7.6,0.000,0,,13.51,12.75,275,,7.6,1.1,1.0,11.1
pilot2,incr-check,unit_of_work.rs->fc-server,2,3.572,3.5,0.000,0,,12.75,11.97,275,,3.5,0.6,0.5,5.1
pilot2,incr-check,unit_of_work.rs->fc-server,3,3.561,3.5,0.000,0,,11.97,11.41,275,,3.5,0.6,0.5,5.0
pilot2,incr-check,unit_of_work.rs->fc-server,4,3.509,3.5,0.000,0,,11.41,11.41,275,,3.5,0.6,0.5,5.0
pilot2,incr-check,unit_of_work.rs->fc-server,5,3.777,3.7,0.000,0,,11.41,10.98,275,,3.7,0.6,0.5,5.5
pilot2,incr-check,repository.rs->fc-server,1,1.956,1.9,0.000,0,,10.13,10.13,275,,1.9,0.8,0.7,1.9
pilot2,incr-check,repository.rs->fc-server,2,1.541,1.5,0.000,0,,10.13,10.13,275,,1.5,0.6,0.5,1.5
pilot2,incr-check,repository.rs->fc-server,3,1.535,1.5,0.000,0,,10.13,10.92,275,,1.5,0.6,0.5,1.5
pilot2,incr-check,repository.rs->fc-server,4,1.517,1.5,0.000,0,,10.92,10.92,275,,1.5,0.6,0.5,1.5
pilot2,incr-check,repository.rs->fc-server,5,1.507,1.4,0.000,0,,10.92,10.92,275,,1.4,0.6,0.5,1.5
pilot2,incr-check,session_cookie.rs->fc-server,1,2.008,2.0,0.000,0,,10.29,10.29,275,,2.0,0.7,0.6,2.0
pilot2,incr-check,session_cookie.rs->fc-server,2,1.808,1.8,0.000,0,,10.29,10.29,275,,1.8,0.6,0.5,1.8
pilot2,incr-check,session_cookie.rs->fc-server,3,1.795,1.7,0.000,0,,10.29,9.70,275,,1.7,0.6,0.5,1.8
pilot2,incr-check,session_cookie.rs->fc-server,4,1.771,1.7,0.000,0,,9.70,9.70,275,,1.7,0.6,0.5,1.7
pilot2,incr-check,session_cookie.rs->fc-server,5,1.789,1.7,0.000,0,,9.70,9.33,275,,1.7,0.6,0.5,1.8
pilot2,incr-check,repository.rs->fc-server,1,3.493,3.4,0.000,0,,9.33,8.98,275,,3.4,0.9,0.9,3.2
pilot2,incr-check,repository.rs->fc-server,2,2.351,2.3,0.000,0,,8.98,8.98,275,,2.3,0.6,0.5,2.3
pilot2,incr-check,repository.rs->fc-server,3,2.340,2.3,0.000,0,,8.98,8.90,275,,2.3,0.6,0.5,2.3
pilot2,incr-check,repository.rs->fc-server,4,2.352,2.3,0.000,0,,8.90,8.90,275,,2.3,0.6,0.5,2.3
pilot2,incr-check,repository.rs->fc-server,5,2.415,2.4,0.000,0,,8.90,8.59,275,,2.4,0.6,0.5,2.4
pilot2,incr-check,repository.rs->fc-server,1,2.527,2.5,0.000,0,,8.59,8.38,275,,2.5,0.8,0.7,2.4
pilot2,incr-check,repository.rs->fc-server,2,1.877,1.8,0.000,0,,8.38,8.38,275,,1.8,0.6,0.5,1.8
pilot2,incr-check,repository.rs->fc-server,3,1.805,1.7,0.000,0,,8.38,8.19,275,,1.7,0.6,0.5,1.8
pilot2,incr-check,repository.rs->fc-server,4,1.786,1.7,0.000,0,,8.19,8.19,275,,1.7,0.6,0.5,1.8
pilot2,incr-check,repository.rs->fc-server,5,1.818,1.8,0.000,0,,8.19,8.19,275,,1.8,0.6,0.5,1.8
pilot2,incr-check,router.rs->fc-server,1,1.487,1.4,0.000,0,,7.85,7.85,275,,1.4,0.7,0.6,1.4
pilot2,incr-check,router.rs->fc-server,2,1.175,1.1,0.000,0,,7.85,7.85,275,,1.1,0.6,0.5,1.1
pilot2,incr-check,router.rs->fc-server,3,1.204,1.1,0.000,0,,7.85,7.47,275,,1.1,0.6,0.5,1.2
pilot2,incr-check,router.rs->fc-server,4,1.161,1.1,0.000,0,,7.47,7.47,275,,1.1,0.6,0.5,1.1
pilot2,incr-check,router.rs->fc-server,5,1.138,1.1,0.000,0,,7.47,7.47,275,,1.1,0.6,0.5,1.1
pilot2,test-one,repository.rs->it:scheduled_job_cron_golden_test::,1,13.508,12.701,0.699,1,1.707,9.95,9.21,274,,13.4,8.4,2.6,17.9
pilot2,test-one,repository.rs->it:scheduled_job_cron_golden_test::,2,8.690,7.790,0.810,1,1.703,9.21,12.47,275,,8.6,4.7,1.6,11.8
pilot2,test-one,repository.rs->it:scheduled_job_cron_golden_test::,3,8.065,7.470,0.530,1,1.703,12.47,11.61,275,,8.0,4.2,1.5,11.4
pilot2,test-one,repository.rs->it:scheduled_job_cron_golden_test::,4,9.032,8.321,0.679,1,1.714,11.61,16.21,275,,9.0,4.9,1.6,11.2
pilot2,test-one,repository.rs->it:scheduled_job_cron_golden_test::,5,12.392,11.367,0.933,1,1.720,16.21,15.45,275,,12.3,7.1,1.6,12.1
pilot2,test-all,repository.rs->fc-platform-tests,1,15.741,13.092,2.608,4,,13.94,13.90,274,links run in parallel: link_s is the sum; compile_s = cargo_s - link_s is only a bound,15.7,17.4,2.6,29.0
pilot2,test-all,repository.rs->fc-platform-tests,2,9.501,7.550,1.850,4,,13.90,13.28,274,links run in parallel: link_s is the sum; compile_s = cargo_s - link_s is only a bound,9.4,9.3,1.7,19.4
final,cold-check,fc-server,1,135.310,118.651,16.549,131,,24.40,442.77,302,,135.2,2.8,2.8,1116.7
final,cold-test,it:scheduled_job_cron_golden_test::,1,232.620,215.434,17.166,131,,442.77,406.01,297,,232.6,25.7,10.8,1946.6
final,incr-check,repository.rs->fc-server,1,5.646,5.6,0.000,0,,295.55,273.81,296,,5.6,1.1,1.0,4.5
final,incr-check,repository.rs->fc-server,2,3.656,3.6,0.000,0,,273.81,253.40,296,,3.6,0.6,0.5,3.5
final,incr-check,repository.rs->fc-server,3,4.045,4.0,0.000,0,,253.40,234.07,296,,4.0,0.6,0.5,3.3
final,incr-check,repository.rs->fc-server,4,3.362,3.3,0.000,0,,234.07,234.07,296,,3.3,0.6,0.5,3.2
final,incr-check,repository.rs->fc-server,5,3.356,3.3,0.000,0,,234.07,215.65,296,,3.3,0.6,0.5,3.2
final,incr-check,unit_of_work.rs->fc-server,1,7.551,7.5,0.000,0,,198.78,169.06,295,,7.5,1.1,1.0,11.0
final,incr-check,unit_of_work.rs->fc-server,2,3.616,3.6,0.000,0,,169.06,169.06,295,,3.6,0.6,0.5,5.0
final,incr-check,unit_of_work.rs->fc-server,3,3.562,3.5,0.000,0,,169.06,156.00,295,,3.5,0.6,0.5,5.0
final,incr-check,unit_of_work.rs->fc-server,4,3.566,3.5,0.000,0,,156.00,143.83,295,,3.5,0.6,0.5,5.0
final,incr-check,unit_of_work.rs->fc-server,5,3.558,3.5,0.000,0,,143.83,132.71,295,,3.5,0.6,0.5,5.0
final,incr-check,repository.rs->fc-server,1,1.868,1.8,0.000,0,,122.73,122.73,295,,1.8,0.8,0.7,1.8
final,incr-check,repository.rs->fc-server,2,1.567,1.5,0.000,0,,122.73,113.70,295,,1.5,0.6,0.5,1.5
final,incr-check,repository.rs->fc-server,3,1.498,1.4,0.000,0,,113.70,113.70,295,,1.4,0.6,0.5,1.5
final,incr-check,repository.rs->fc-server,4,1.517,1.4,0.000,0,,113.70,113.70,295,,1.4,0.6,0.5,1.5
final,incr-check,repository.rs->fc-server,5,1.506,1.4,0.000,0,,113.70,104.91,295,,1.4,0.6,0.5,1.5
final,incr-check,session_cookie.rs->fc-server,1,2.038,2.0,0.000,0,,104.91,104.91,295,,2.0,0.7,0.6,2.0
final,incr-check,session_cookie.rs->fc-server,2,1.832,1.8,0.000,0,,104.91,96.91,295,,1.8,0.6,0.5,1.8
final,incr-check,session_cookie.rs->fc-server,3,1.784,1.7,0.000,0,,96.91,96.91,295,,1.7,0.6,0.5,1.8
final,incr-check,session_cookie.rs->fc-server,4,1.899,1.8,0.000,0,,96.91,89.47,295,,1.8,0.6,0.5,1.9
final,incr-check,session_cookie.rs->fc-server,5,1.779,1.7,0.000,0,,89.47,89.47,295,,1.7,0.6,0.5,1.8
final,incr-check,repository.rs->fc-server,1,3.164,3.1,0.000,0,,89.47,82.95,295,,3.1,0.9,0.8,3.1
final,incr-check,repository.rs->fc-server,2,2.352,2.3,0.000,0,,82.95,77.03,295,,2.3,0.6,0.5,2.3
final,incr-check,repository.rs->fc-server,3,2.347,2.3,0.000,0,,77.03,77.03,295,,2.3,0.6,0.5,2.3
final,incr-check,repository.rs->fc-server,4,2.344,2.3,0.000,0,,77.03,71.26,295,,2.3,0.6,0.5,2.3
final,incr-check,repository.rs->fc-server,5,2.489,2.4,0.000,0,,71.26,71.26,295,,2.4,0.6,0.5,2.4
final,incr-check,repository.rs->fc-server,1,2.518,2.5,0.000,0,,65.87,65.87,295,,2.5,0.8,0.7,2.5
final,incr-check,repository.rs->fc-server,2,1.803,1.8,0.000,0,,65.87,60.92,295,,1.8,0.6,0.5,1.8
final,incr-check,repository.rs->fc-server,3,1.783,1.7,0.000,0,,60.92,60.92,295,,1.7,0.6,0.5,1.7
final,incr-check,repository.rs->fc-server,4,1.787,1.7,0.000,0,,60.92,60.92,295,,1.7,0.6,0.5,1.7
final,incr-check,repository.rs->fc-server,5,1.785,1.7,0.000,0,,60.92,56.36,295,,1.7,0.6,0.5,1.7
final,incr-check,router.rs->fc-server,1,1.449,1.4,0.000,0,,56.36,52.33,295,,1.4,0.7,0.7,1.4
final,incr-check,router.rs->fc-server,2,1.135,1.1,0.000,0,,52.33,52.33,295,,1.1,0.6,0.5,1.1
final,incr-check,router.rs->fc-server,3,1.136,1.1,0.000,0,,52.33,52.33,295,,1.1,0.6,0.5,1.1
final,incr-check,router.rs->fc-server,4,1.148,1.1,0.000,0,,52.33,52.33,295,,1.1,0.6,0.5,1.1
final,incr-check,router.rs->fc-server,5,1.157,1.1,0.000,0,,52.33,48.70,295,,1.1,0.6,0.5,1.1
final,incr-check,health.rs->fc-server,1,1.725,1.7,0.000,0,,48.70,48.70,295,,1.7,0.0,0.0,1.5
final,incr-check,health.rs->fc-server,2,1.354,1.3,0.000,0,,48.70,48.70,295,,1.3,0.0,0.0,1.3
final,incr-check,health.rs->fc-server,3,1.351,1.3,0.000,0,,48.70,45.36,295,,1.3,0.0,0.0,1.3
final,incr-check,health.rs->fc-server,4,1.634,1.6,0.000,0,,45.36,45.36,295,,1.6,0.0,0.0,1.6
final,incr-check,health.rs->fc-server,5,1.376,1.3,0.000,0,,45.36,45.36,295,,1.3,0.0,0.0,1.3
final,test-one,repository.rs->it:scheduled_job_cron_golden_test::,1,12.616,12.026,0.474,1,1.659,37.03,30.01,294,,12.5,7.6,2.3,16.4
final,test-one,repository.rs->it:scheduled_job_cron_golden_test::,2,7.762,7.144,0.556,1,1.649,30.01,28.00,294,,7.7,4.0,1.4,9.9
final,test-one,repository.rs->it:scheduled_job_cron_golden_test::,3,7.451,6.855,0.545,1,1.662,28.00,24.99,294,,7.4,3.9,1.4,9.9
final,test-one,repository.rs->it:scheduled_job_cron_golden_test::,4,7.504,6.888,0.512,1,1.658,24.99,30.16,294,,7.4,3.8,1.4,9.2
final,test-one,repository.rs->it:scheduled_job_cron_golden_test::,5,6.703,6.156,0.544,1,1.659,30.16,26.59,294,,6.7,3.5,1.1,9.8
final,test-all,repository.rs->fc-platform-tests,1,12.662,10.838,1.762,4,,24.93,23.96,293,links run in parallel: link_s is the sum; compile_s = cargo_s - link_s is only a bound,12.6,12.7,2.4,25.1
final,test-all,repository.rs->fc-platform-tests,2,8.975,6.943,1.957,4,,23.96,22.22,293,links run in parallel: link_s is the sum; compile_s = cargo_s - link_s is only a bound,8.9,8.7,1.6,17.6
